{
	"info": {
		"_postman_id": "71d890a6-b57f-4910-8413-96d3bbf22162",
		"name": "Vacations",
		"schema": "https://schema.getpostman.com/json/collection/v2.1.0/collection.json",
		"_exporter_id": "22434110"
	},
	"item": [
		{
			"name": "POST Register",
			"request": {
				"method": "POST",
				"header": [],
				"body": {
					"mode": "raw",
					"raw": "{\n    \"firstName\": \"Moishe\",\n    \"lastName\": \"Ufnik\",\n    \"username\": \"Moshiko\",\n    \"password\": \"1234\"\n}",
					"options": {
						"raw": {
							"language": "json"
						}
					}
				},
				"url": {
					"raw": "http://localhost:3001/api/auth/register",
					"protocol": "http",
					"host": [
						"localhost"
					],
					"port": "3001",
					"path": [
						"api",
						"auth",
						"register"
					]
				}
			},
			"response": []
		},
		{
			"name": "POST Login",
			"request": {
				"method": "POST",
				"header": [],
				"body": {
					"mode": "raw",
					"raw": "{\r\n    \"username\": \"BartS\",\r\n    \"password\": \"123456\"\r\n}",
					"options": {
						"raw": {
							"language": "json"
						}
					}
				},
				"url": {
					"raw": "http://localhost:3001/api/auth/login",
					"protocol": "http",
					"host": [
						"localhost"
					],
					"port": "3001",
					"path": [
						"api",
						"auth",
						"login"
					]
				}
			},
			"response": []
		}
	],
	"auth": {
		"type": "bearer",
		"bearer": [
			{
				"key": "token",
				"value": "eyJhbGciOiJIUzI1NiIsInR5cCI6IkpXVCJ9.eyJ1c2VyIjp7ImlkIjoyLCJmaXJzdE5hbWUiOiJCYXJ0IiwibGFzdE5hbWUiOiJTaW1wc29uIiwidXNlcm5hbWUiOiJCYXJ0UyIsInJvbGVOYW1lIjoiQWRtaW4ifSwiaWF0IjoxNjYxMjY4OTk5LCJleHAiOjE2NjEyNzYxOTl9.p27-ymXk-r28sXIN7zqg_iIMAuZ6F6jTbTh-sR4XIrs",
				"type": "string"
			}
		]
	},
	"event": [
		{
			"listen": "prerequest",
			"script": {
				"type": "text/javascript",
				"exec": [
					""
				]
			}
		},
		{
			"listen": "test",
			"script": {
				"type": "text/javascript",
				"exec": [
					""
				]
			}
		}
	]
}